id,station_id,connector_id
1570808,ME174013,6
1570809,ME174027,6
1570810,ME174029,6
1570811,ME174037,6
1570812,ME174039,6
1570813,ME174046,6
1570814,ME174050,6
1570815,ME174050,6
1570816,ME174050,6
1570817,ME174050,6
1570818,ME174050,6
1570819,ME174061,6
1570820,ME174062,6
1570821,ME174064,6
1570822,ME174067,6
1570823,ME174077,6
1570824,ME174085,6
1570825,ME174118,6
1570826,ME174119,6
1570827,ME174120,6
1570828,ME174125,6
1570829,ME174127,6
1570830,ME174128,6
1570831,ME174131,6
1570832,ME174134,6
1570833,ME174140,6
1570834,ME174152,6
1570835,ME174154,6
1570836,ME174162,6
1570837,ME178003,6
1570838,ME178003,6
1570839,ME178004,6
1570840,ME178004,6
1570841,ME178005,6
1570842,ME178005,6
1570843,ME178008,6
1570844,ME178009,6
1570845,ME178009,6
1570846,ME178010,6
1570847,ME178010,6
1570848,ME178011,6
1570849,ME178011,6
1570850,ME178011,6
1570851,ME178012,6
1570852,ME178012,6
1570853,ME178012,6
1570854,ME178013,6
1570855,ME178013,6
1570856,ME178013,6
1570857,ME178014,6
1570858,ME178016,6
1570859,ME178017,6
1570860,ME178017,6
1570861,ME178019,6
1570862,ME178019,6
1570863,ME178020,6
1570864,ME178022,6
1570865,ME178022,6
1570866,ME178024,6
1570867,ME178024,6
1570868,ME178027,6
1570869,ME178028,6
1570870,ME178031,6
1570871,ME178031,6
1570872,ME178032,6
1570873,ME178040,6
1570874,ME178041,6
1570875,ME178042,6
1570876,ME178043,6
1570877,ME178045,6
1570878,ME178045,6
1570879,ME178046,6
1570880,ME178047,6
1570881,ME178048,6
1570882,ME178049,6
1570883,ME178055,6
1570884,ME178064,6
1570885,ME178064,6
1570886,ME178065,6
1570887,ME178065,6
1570888,ME178066,6
1570889,ME178069,6
1570890,ME178070,6
1570891,ME178072,6
1570892,ME178073,6
1570893,ME178073,6
1570894,ME178073,6
1570895,ME178075,6
1570896,ME178076,6
1570897,ME178077,6
1570898,ME178077,6
1570899,ME178078,6
1570900,ME178080,6
1570901,ME178080,6
1570902,ME178080,6
1570903,ME178081,6
1570904,ME178081,6
1570905,ME178081,6
1570906,ME178082,6
1570907,ME178082,6
1570908,ME178084,6
1570909,ME178085,6
1570910,ME178089,6
1570911,ME178090,6
1570912,ME178094,6
1570913,ME178094,6
1570914,ME178095,6
1570915,ME178096,6
1570916,ME178096,6
1570917,ME178097,6
1570918,ME178097,6
1570919,ME178098,6
1570920,ME178098,6
1570921,ME178099,6
1570922,ME178099,6
1570923,ME178100,6
1570924,ME178100,6
1570925,ME178101,6
1570926,ME178101,6
1570927,ME178103,6
1570928,ME178103,6
1570929,ME178105,6
1570930,ME178106,6
1570931,ME178107,6
1570932,ME178108,6
1570933,ME178109,6
1570934,ME178110,6
1570935,ME178111,6
1570936,ME178111,6
1570937,ME178112,6
1570938,ME178112,6
1570939,ME178112,6
1570940,ME178123,6
1570941,ME178124,6
1570942,ME178124,6
1570943,ME178126,6
1570944,ME178127,6
1570945,ME178128,6
1570946,ME178129,6
1570947,ME178129,6
1570948,ME178130,6
1570949,ME178130,6
1570950,ME178131,6
1570951,ME178132,6
1570952,ME178133,6
1570953,ME178134,6
1570954,ME178135,6
1570955,ME178135,6
1570956,ME178136,6
1570957,ME178136,6
1570958,ME178137,6
1570959,ME178137,6
1570960,ME178142,6
1570961,ME178143,6
1570962,ME178144,6
1570963,ME178144,6
1570964,ME178144,6
1570965,ME178144,6
1570966,ME178145,6
1570967,ME178145,6
1570968,ME178145,6
1570969,ME178145,6
1570970,ME178147,6
1570971,ME178147,6
1570972,ME178149,6
1570973,ME178149,6
1570974,ME178151,6
1570975,ME181102,6
1570976,ME181106,6
1570977,ME181106,6
1570978,ME181108,6
1570979,ME181111,6
1570980,ME181112,6
1570981,ME181114,6
1570982,ME181115,6
1570983,ME181115,6
1570984,ME181116,6
1570985,ME181116,6
1570986,ME181117,6
1570987,ME181117,6
1570988,ME181118,6
1570989,ME181118,6
1570990,ME181118,4
1570991,ME181118,4
1570992,ME181125,6
1570993,ME181126,6
1570994,ME181150,6
1570995,ME181150,6
1570996,ME181201,6
1570997,ME181201,6
1570998,ME181202,6
1570999,ME181202,6
1571000,ME181203,6
1571001,ME181203,6
1571002,ME181204,6
1571003,ME181204,6
1571004,ME181205,6
1571005,ME181205,6
1571006,ME181206,6
1571007,ME181207,6
1571008,ME181208,6
1571009,ME181210,6
1571010,ME181210,6
1571011,ME181210,4
1571012,ME181210,4
1571013,ME181210,4
1571014,ME181210,4
1571015,ME181212,6
1571016,ME181214,6
1571017,ME181219,6
1571018,ME181221,6
1571019,ME181226,6
1571020,ME181227,6
1571021,ME181227,6
1571022,ME181229,6
1571023,ME181250,6
1571024,ME181250,6
1571025,ME181302,6
1571026,ME181303,6
1571027,ME181305,6
1571028,ME181306,6
1571029,ME181307,6
1571030,ME181308,6
1571031,ME181309,6
1571032,ME181310,6
1571033,ME181311,6
1571034,ME181312,6
1571035,ME181313,6
1571036,ME181314,6
1571037,ME181315,6
1571038,ME181316,6
1571039,ME181317,6
1571040,ME181319,6
1571041,ME181320,6
1571042,ME181321,6
1571043,ME181321,6
1571044,ME181322,6
1571045,ME181323,6
1571046,ME181324,6
1571047,ME181325,6
1571048,ME181326,6
1571049,ME181328,6
1571050,ME181331,6
1571051,ME181402,6
1571052,ME181403,6
1571053,ME181404,6
1571054,ME181405,6
1571055,ME181407,6
1571056,ME181408,6
1571057,ME181408,6
1571058,ME181409,6
1571059,ME181409,6
1571060,ME181410,6
1571061,ME181410,6
1571062,ME181411,6
1571063,ME181411,6
1571064,ME181412,6
1571065,ME181412,6
1571066,ME181413,6
1571067,ME181413,6
1571068,ME181414,6
1571069,ME181414,6
1571070,ME181415,6
1571071,ME181415,6
1571072,ME181416,6
1571073,ME181416,6
1571074,ME181417,6
1571075,ME181418,6
1571076,ME181419,6
1571077,ME181420,6
1571078,ME181421,6
1571079,ME181422,6
1571080,ME181423,6
1571081,ME181423,6
1571082,ME181424,6
1571083,ME181424,6
1571084,ME181425,6
1571085,ME181426,6
1571086,ME181426,6
1571087,ME181427,6
1571088,ME181428,6
1571089,ME181428,6
1571090,ME181429,6
1571091,ME181429,6
1571092,ME181430,6
1571093,ME181430,6
1571094,ME181431,6
1571095,ME181432,6
1571096,ME181434,6
1571097,ME181434,6
1571098,ME181501,6
1571099,ME181503,6
1571100,ME181504,6
1571101,ME181505,6
1571102,ME181506,6
1571103,ME181506,6
1571104,ME181507,6
1571105,ME181510,6
1571106,ME181511,6
1571107,ME181512,6
1571108,ME181512,6
1571109,ME181513,6
1571110,ME181513,6
1571111,ME181514,6
1571112,ME181514,6
1571113,ME181515,6
1571114,ME181515,6
1571115,ME181517,6
1571116,ME181517,6
1571117,ME181518,6
1571118,ME181518,6
1571119,ME181520,6
1571120,ME181521,6
1571121,ME181521,6
1571122,ME181523,6
1571123,ME181524,6
1571124,ME181526,6
1571125,ME181526,6
1571126,ME181527,6
1571127,ME181527,6
1571128,ME181529,6
1571129,ME181529,6
1571130,ME181530,6
1571131,ME181530,6
1571132,ME181531,6
1571133,ME181531,6
1571134,ME181532,6
1571135,ME181532,6
1571136,ME181533,6
1571137,ME181534,6
1571138,ME181534,6
1571139,ME181536,6
1571140,ME181538,6
1571141,ME181539,6
1571142,ME181541,6
1571143,ME181545,6
1571144,ME181545,6
1571145,ME183001,6
1571146,ME183002,6
1571147,ME183003,6
1571148,ME183004,6
1571149,ME183006,6
1571150,ME183008,6
1571151,ME183009,6
1571152,ME183010,6
1571153,ME183011,6
1571154,ME183012,6
1571155,ME183013,6
1571156,ME183014,6
1571157,ME183015,6
1571158,ME183016,6
1571159,ME183018,6
1571160,ME183019,6
1571161,ME183021,6
1571162,ME183022,6
1571163,ME183023,6
1571164,ME183025,6
1571165,ME183026,6
1571166,ME183027,6
1571167,ME183028,6
1571168,ME183029,6
1571169,ME183030,6
1571170,ME183031,6
1571171,ME183032,6
1571172,ME183036,6
1571173,ME183038,6
1571174,ME183039,6
1571175,ME183041,6
1571176,ME183042,6
1571177,ME183043,6
1571178,ME183044,6
1571179,ME183045,6
1571180,ME183046,6
1571181,ME183047,6
1571182,ME183048,6
1571183,ME183049,6
1571184,ME183050,6
1571185,ME183050,6
1571186,ME183051,6
1571187,ME183052,6
1571188,ME183053,6
1571189,ME183054,6
1571190,ME183055,6
1571191,ME183056,6
1571192,ME183057,6
1571193,ME183058,6
1571194,ME183059,6
1571195,ME183060,6
1571196,ME183061,6
1571197,ME183062,6
1571198,ME183063,6
1571199,ME183064,6
1571200,ME183065,6
1571201,ME183066,6
1571202,ME183067,6
1571203,ME183068,6
1571204,ME183069,6
1571205,ME183070,6
1571206,ME183071,6
1571207,ME183072,6
1571208,ME183073,6
1571209,ME183074,6
1571210,ME183076,6
1571211,ME183077,6
1571212,ME183079,6
1571213,ME183080,6
1571214,ME183101,6
1571215,ME183101,4
1571216,ME183101,6
1571217,ME183101,4
1571218,ME183101,4
1571219,ME183101,4
1571220,ME183102,6
1571221,ME183102,4
1571222,ME183102,4
1571223,ME183103,6
1571224,ME183103,4
1571225,ME183103,4
1571226,ME183104,6
1571227,ME183104,4
1571228,ME183104,4
1571229,ME183105,6
1571230,ME183105,4
1571231,ME183105,4
1571232,ME183106,6
1571233,ME183106,4
1571234,ME183106,4
1571235,ME183107,6
1571236,ME183107,4
1571237,ME183107,4
1571238,ME183108,6
1571239,ME183108,4
1571240,ME183108,4
1571241,ME183109,6
1571242,ME183109,4
1571243,ME183109,4
1571244,ME183110,6
1571245,ME183110,4
1571246,ME183110,4
1571247,ME183111,6
1571248,ME183111,4
1571249,ME183111,4
1571250,ME183112,6
1571251,ME183112,4
1571252,ME183112,4
1571253,ME183113,6
1571254,ME183113,4
1571255,ME183113,4
1571256,ME183114,6
1571257,ME183114,4
1571258,ME183114,4
1571259,ME183115,6
1571260,ME183115,4
1571261,ME183115,4
1571262,ME183116,6
1571263,ME183116,4
1571264,ME183116,4
1571265,ME183117,6
1571266,ME183117,4
1571267,ME183117,4
1571268,ME183118,6
1571269,ME183118,4
1571270,ME183118,4
1571271,ME183119,6
1571272,ME183119,4
1571273,ME183119,4
1571274,ME183120,6
1571275,ME183120,4
1571276,ME183120,4
1571277,ME183121,6
1571278,ME183121,4
1571279,ME183121,4
1571280,ME183122,6
1571281,ME183122,4
1571282,ME183122,4
1571283,ME183123,6
1571284,ME183123,4
1571285,ME183123,4
1571286,ME183124,6
1571287,ME183124,4
1571288,ME183124,4
1571289,ME183125,6
1571290,ME183125,4
1571291,ME183125,4
1571292,ME183126,6
1571293,ME183126,4
1571294,ME183126,4
1571295,ME183128,6
1571296,ME183128,4
1571297,ME183128,4
1571298,ME183129,6
1571299,ME183129,4
1571300,ME183129,4
1571301,ME183130,6
1571302,ME183130,4
1571303,ME183130,4
1571304,ME183131,6
1571305,ME183131,4
1571306,ME183131,4
1571307,ME183132,6
1571308,ME183132,4
1571309,ME183132,4
1571310,ME183133,6
1571311,ME183133,4
1571312,ME183133,4
1571313,ME183134,6
1571314,ME183134,4
1571315,ME183134,4
1571316,ME183135,6
1571317,ME183135,4
1571318,ME183135,4
1571319,ME183136,6
1571320,ME183136,4
1571321,ME183136,4
1571322,ME183137,6
1571323,ME183137,4
1571324,ME183137,4
1571325,ME183138,6
1571326,ME183138,4
1571327,ME183138,4
1571328,ME183139,6
1571329,ME183139,4
1571330,ME183139,4
1571331,ME183140,6
1571332,ME183140,4
1571333,ME183140,4
1571334,ME183141,6
1571335,ME183141,4
1571336,ME183141,4
1571337,ME183142,6
1571338,ME183142,4
1571339,ME183142,4
1571340,ME183143,6
1571341,ME183143,4
1571342,ME183143,4
1571343,ME183144,6
1571344,ME183144,4
1571345,ME183144,4
1571346,ME183145,6
1571347,ME183145,4
1571348,ME183145,4
1571349,ME183146,6
1571350,ME183146,4
1571351,ME183146,4
1571352,ME183147,6
1571353,ME183147,4
1571354,ME183147,4
1571355,ME183148,6
1571356,ME183148,4
1571357,ME183148,4
1571358,ME183149,6
1571359,ME183149,4
1571360,ME183149,4
1571361,ME183150,6
1571362,ME183150,4
1571363,ME183150,4
1571364,ME183151,6
1571365,ME183151,4
1571366,ME183151,4
1571367,ME183153,6
1571368,ME183153,4
1571369,ME183153,4
1571370,ME183154,6
1571371,ME183154,4
1571372,ME183154,4
1571373,ME183155,6
1571374,ME183155,4
1571375,ME183155,4
1571376,ME183156,6
1571377,ME183156,4
1571378,ME183156,4
1571379,ME183157,6
1571380,ME183157,4
1571381,ME183157,4
1571382,ME183158,6
1571383,ME183158,4
1571384,ME183158,4
1571385,ME183159,6
1571386,ME183159,4
1571387,ME183159,4
1571388,ME183160,6
1571389,ME183160,4
1571390,ME183160,4
1571391,ME183161,6
1571392,ME183161,4
1571393,ME183161,4
1571394,ME183162,6
1571395,ME183162,4
1571396,ME183162,4
1571397,ME183163,6
1571398,ME183163,4
1571399,ME183163,4
1571400,ME183164,6
1571401,ME183164,4
1571402,ME183164,4
1571403,ME183165,6
1571404,ME183165,4
1571405,ME183165,4
1571406,ME183166,6
1571407,ME183166,4
1571408,ME183166,4
1571409,ME183167,6
1571410,ME183167,4
1571411,ME183167,4
1571412,ME183168,6
1571413,ME183168,4
1571414,ME183168,4
1571415,ME183169,6
1571416,ME183169,4
1571417,ME183169,4
1571418,ME183170,6
1571419,ME183170,4
1571420,ME183170,4
1571421,ME183171,6
1571422,ME183171,4
1571423,ME183171,4
1571424,ME183172,6
1571425,ME183172,4
1571426,ME183172,4
1571427,ME183173,6
1571428,ME183173,4
1571429,ME183173,4
1571430,ME183174,6
1571431,ME183174,4
1571432,ME183174,4
1571433,ME183175,6
1571434,ME183175,4
1571435,ME183175,4
1571436,ME183176,6
1571437,ME183176,4
1571438,ME183176,4
1571439,ME183177,6
1571440,ME183177,4
1571441,ME183177,4
1571442,ME183178,6
1571443,ME183178,4
1571444,ME183178,4
1571445,ME183182,6
1571446,ME183182,4
1571447,ME183182,4
1571448,ME183183,6
1571449,ME183183,4
1571450,ME183183,4
1571451,ME183184,6
1571452,ME183184,4
1571453,ME183184,4
1571454,ME183185,6
1571455,ME183185,4
1571456,ME183185,4
1571457,ME183186,6
1571458,ME183186,4
1571459,ME183186,4
1571460,ME183187,6
1571461,ME183187,4
1571462,ME183187,4
1571463,ME183188,6
1571464,ME183188,4
1571465,ME183188,4
1571466,ME183189,6
1571467,ME183189,4
1571468,ME183189,4
1571469,ME183190,6
1571470,ME183190,4
1571471,ME183190,4
1571472,ME183191,6
1571473,ME183191,4
1571474,ME183191,4
1571475,ME183192,6
1571476,ME183192,4
1571477,ME183192,4
1571478,ME183193,6
1571479,ME183193,4
1571480,ME183193,4
1571481,ME183195,6
1571482,ME183195,4
1571483,ME183195,4
1571484,ME183196,6
1571485,ME183196,4
1571486,ME183196,4
1571487,ME183197,6
1571488,ME183197,4
1571489,ME183197,4
1571490,ME183198,6
1571491,ME183198,4
1571492,ME183198,4
1571493,ME183199,6
1571494,ME183199,4
1571495,ME183199,4
1571496,ME183200,6
1571497,ME183200,4
1571498,ME183200,4
1571499,ME183201,6
1571500,ME183201,4
1571501,ME183201,4
1571502,ME183202,6
1571503,ME183202,4
1571504,ME183202,4
1571505,ME183203,6
1571506,ME183203,4
1571507,ME183203,4
1571508,ME183204,6
1571509,ME183204,4
1571510,ME183204,4
1571511,ME183205,6
1571512,ME183205,4
1571513,ME183205,4
1571514,ME183206,6
1571515,ME183206,4
1571516,ME183206,4
1571517,ME183208,4
1571518,ME183208,4
1571519,ME183211,6
1571520,ME183211,4
1571521,ME183211,4
1571522,ME183212,6
1571523,ME183212,4
1571524,ME183212,4
1571525,ME183213,4
1571526,ME183213,4
1571527,ME183217,6
1571528,ME183217,4
1571529,ME183217,4
1571530,ME183218,6
1571531,ME183218,4
1571532,ME183218,4
1571533,ME183219,6
1571534,ME183219,4
1571535,ME183219,4
1571536,ME183221,6
1571537,ME184001,6
1571538,ME184002,6
1571539,ME184003,6
1571540,ME184004,6
1571541,ME184005,6
1571542,ME184008,6
1571543,ME184009,6
1571544,ME184010,6
1571545,ME184011,6
1571546,ME184012,6
1571547,ME184013,6
1571548,ME184015,6
1571549,ME184016,6
1571550,ME184017,6
1571551,ME184019,6
1571552,ME184020,6
1571553,ME184021,6
1571554,ME184025,6
1571555,ME184026,6
1571556,ME184028,6
1571557,ME184029,6
1571558,ME184030,6
1571559,ME184031,6
1571560,ME184032,6
1571561,ME184033,6
1571562,ME184034,6
1571563,ME184036,6
1571564,ME184037,6
1571565,ME184038,6
1571566,ME184039,6
1571567,ME184040,6
1571568,ME184041,6
1571569,ME184042,6
1571570,ME184043,6
1571571,ME184045,6
1571572,ME184046,6
1571573,ME184048,6
1571574,ME184049,6
1571575,ME184050,6
1571576,ME184052,6
1571577,ME184053,6
1571578,ME184054,6
1571579,ME184056,6
1571580,ME184059,6
1571581,ME184060,6
1571582,ME184061,6
1571583,ME184063,6
1571584,ME184064,6
1571585,ME184065,6
1571586,ME184067,6
1571587,ME184068,6
1571588,ME184069,6
1571589,ME184070,6
1571590,ME184074,6
1571591,ME184075,6
1571592,ME184076,6
1571593,ME184078,6
1571594,ME184081,6
1571595,ME184082,6
1571596,ME184083,6
1571597,ME184084,6
1571598,ME184085,6
1571599,ME184086,6
1571600,ME184087,6
1571601,ME184089,6
1571602,ME184090,6
1571603,ME184092,6
1571604,ME184095,6
1571605,ME184096,6
1571606,ME184097,6
1571607,ME184098,6
1571608,ME184102,6
1571609,ME184103,6
1571610,ME184104,6
1571611,ME184105,6
1571612,ME184106,6
1571613,ME184108,6
1571614,ME184112,6
1571615,ME184113,6
1571616,ME184114,6
1571617,ME184115,6
1571618,ME184116,6
1571619,ME184117,6
1571620,ME184118,6
1571621,ME184119,6
1571622,ME184121,6
1571623,ME184122,6
1571624,ME184124,6
1571625,ME184125,6
1571626,ME184126,6
1571627,ME184129,6
1571628,ME184130,6
1571629,ME184131,6
1571630,ME184134,6
1571631,ME184135,6
1571632,ME184136,6
1571633,ME184138,6
1571634,ME184142,6
1571635,ME184143,6
1571636,ME184144,6
1571637,ME184145,6
1571638,ME184146,6
1571639,ME184147,6
1571640,ME184149,6
1571641,ME187001,6
1571642,ME187002,6
1571643,ME187003,6
1571644,ME187004,6
1571645,ME187005,6
1571646,ME187006,6
1571647,ME187007,6
1571648,ME187008,6
1571649,ME187009,6
1571650,ME187010,6
1571651,ME188001,6
1571652,ME188002,6
1571653,ME188003,6
1571654,ME188004,6
1571655,ME188005,6
1571656,ME188006,6
1571657,ME188007,6
1571658,ME188008,6
1571659,ME188009,6
1571660,ME188010,6
1571661,ME188011,6
1571662,ME188012,6
1571663,ME188013,6
1571664,ME188014,6
1571665,ME188015,6
1571666,ME188016,6
1571667,ME188018,6
1571668,ME188019,6
1571669,ME18A001,6
1571670,ME18A001,4
1571671,ME18A001,4
1571672,ME18A001,4
1571673,ME18A001,4
1571674,ME18A101,6
1571675,ME18A102,6
1571676,ME18A103,6
1571677,ME18A104,6
1571678,ME18A105,6
1571679,ME18A107,6
1571680,ME18A108,6
1571681,ME18A109,6
1571682,ME18A110,6
1571683,ME18A111,6
1571684,ME18A112,6
1571685,ME18A113,6
1571686,ME18A114,6
1571687,ME18A115,6
1571688,ME18A117,6
1571689,ME18A118,6
1571690,ME18A119,6
1571691,ME18A120,6
1571692,ME18A121,6
1571693,ME18A123,6
1571694,ME18A124,6
1571695,ME18A125,6
1571696,ME18A126,6
1571697,ME18A127,6
1571698,ME18A128,6
1571699,ME18A131,6
1571700,ME18A132,6
1571701,ME18A133,6
1571702,ME18A134,6
1571703,ME18A135,6
1571704,ME18A136,6
1571705,ME18A137,6
1571706,ME18A140,6
1571707,ME18A141,6
1571708,ME18A142,6
1571709,ME18A144,6
1571710,ME18A146,6
1571711,ME18A147,6
1571712,ME18A148,6
1571713,ME18A149,6
1571714,ME18A150,6
1571715,ME18A151,6
1571716,ME18A152,6
1571717,ME18A153,6
1571718,ME18A155,6
1571719,ME18A156,6
1571720,ME18A157,6
1571721,ME18A158,6
1571722,ME18A159,6
1571723,ME18A162,6
1571724,ME18A163,6
1571725,ME18A164,6
1571726,ME18A165,6
1571727,ME18A166,6
1571728,ME18A167,6
1571729,ME18A168,6
1571730,ME18A169,6
1571731,ME18A170,6
1571732,ME18A172,6
1571733,ME18A173,6
1571734,ME18A174,6
1571735,ME18A175,6
1571736,ME18A176,6
1571737,ME18A177,6
1571738,ME18A178,6
1571739,ME18A179,6
1571740,ME18A180,6
1571741,ME18A181,6
1571742,ME18A182,6
1571743,ME18A183,6
1571744,ME18A184,6
1571745,ME18A185,6
1571746,ME18A186,6
1571747,ME18A187,6
1571748,ME18A188,6
1571749,ME18A189,6
1571750,ME18A190,6
1571751,ME18A191,6
1571752,ME18A192,6
1571753,ME18A193,6
1571754,ME18A194,6
1571755,ME18A195,6
1571756,ME18A196,6
1571757,ME18A197,6
1571758,ME18A198,6
1571759,ME18A199,6
1571760,ME18A200,6
1571761,ME18A202,4
1571762,ME18A202,4
1571763,ME18A203,4
1571764,ME18A203,4
1571765,ME18A204,4
1571766,ME18A204,4
1571767,ME18A205,4
1571768,ME18A205,4
1571769,ME18A208,4
1571770,ME18A208,4
1571771,ME18A209,4
1571772,ME18A209,4
1571773,ME18A210,4
1571774,ME18A210,4
1571775,ME18A211,4
1571776,ME18A211,4
1571777,ME18A212,4
1571778,ME18A212,4
1571779,ME18A213,4
1571780,ME18A213,4
1571781,ME18A214,4
1571782,ME18A214,4
1571783,ME18A215,4
1571784,ME18A215,4
1571785,ME18A216,4
1571786,ME18A216,4
1571787,ME18A217,4
1571788,ME18A217,4
1571789,ME18A218,4
1571790,ME18A218,4
1571791,ME18A220,4
1571792,ME18A220,4
1571793,ME18A221,4
1571794,ME18A221,4
1571795,ME18A222,4
1571796,ME18A222,4
1571797,ME18A223,4
1571798,ME18A223,4
1571799,ME18A224,4
1571800,ME18A224,4
1571801,ME18A225,4
1571802,ME18A225,4
1571803,ME18A226,4
1571804,ME18A226,4
1571805,ME18A227,4
1571806,ME18A227,4
1571807,ME18A228,4
